epoch,train_loss,eval_loss,eval_top1,eval_top5
0,1.1011833893082967,0.5095917225887432,85.94809445873275,100.0
1,0.9487862019895393,0.5097960433531844,87.18728080430208,100.0
2,0.9370894297261104,0.48866609964578095,86.48585457096095,100.0
3,0.9412613314724414,0.5353235409364038,86.2052840776245,100.0
