epoch,train_loss,eval_loss,eval_top1,eval_top5
0,1.176714997854811,0.9712011239671919,70.79729019639535,100.0
1,0.9172638861956698,0.5214210589243649,83.04886752778134,100.0
