epoch,train_loss,eval_loss,eval_top1,eval_top5
0,1.0054605669073398,0.36307901584305124,87.63440862711816,100.0
1,0.6682552526171288,0.29088092124757503,92.47311831167113,100.0
2,0.6365447500895025,0.3243645890230551,92.05236093415006,100.0
3,0.6532961208833737,0.34741042699976576,88.38242171734724,100.0
4,0.6268454890014526,0.3236076895629986,88.14866763021746,100.0
5,0.6275045438652181,0.46914271287909176,83.94109397092787,100.0
